Type,Name,Chinese Name,Category,Area / MRT,Avg Price/Person (NTD),Rating,List Rank,All-Time Rank,Approx Dist from Apartment (km),Travel from Apartment,Notes
Boba/Dessert,Grandma's Bear Thai Tea,奶奶的熊 手沖泰式奶茶,Thai Milk Tea,Gongguan (Ln 90) / MRT Gongguan,40-70,5.0,1,111,0.55,10 min walk,"NEAR YOU. Cheap Thai milk tea, adjustable sweetness, BOGO deals. From 3:30pm."
Boba/Dessert,Douhua Sen,豆花森,Douhua (Tofu Pudding),Xinyi (Wuxing St) / MRT Taipei 101,50-90,4.9,2,115,3.23,MRT ~13 min,"Creamy douhua, pick your toppings, NT$50 for pudding + 3. Closed Mon."
Boba/Dessert,Caomei Dafu (Strawberry Mochi),草莓大福,Fruit Mochi,Ximending / MRT Ximen,60-120,4.9,3,136,3.88,MRT ~16 min,Juicy strawberry mochi with red bean. SEASONAL (winter/spring strawberries).
Boba/Dessert,Humanity Desserts,人性,Boba Dessert,Gongguan (Lane 316) / MRT Gongguan,70-150,4.6,4,72,0.26,5 min walk,NEAR YOU. Matcha boba and daily-changing dessert bowls. Closed Mon.
Boba/Dessert,MTB Modern Tea Bank,米堤銀行 鮮乳茶,Fresh Milk Tea,Da'an (Fuxing S Rd) / MRT Daan,55-90,4.8,5,46,1.34,23 min walk,"Fresh-milk brown sugar tea, unique house flavor. Closed Mon/Sun."
Boba/Dessert,KURE8 Kombucha,8酵茶,Kombucha Tea,Da'an (Fuxing S Rd) / MRT Daan,70-120,4.8,6,101,2.03,MRT ~8 min (or 35 min walk),"Award-winning fruit kombucha, fizzy and light, jelly add-ins. Healthier pick."
Boba/Dessert,SnowMie,綿雪,Shaved Ice / Douhua,Shilin / MRT Zhishan,80-150,4.8,7,138,10.7,MRT ~43 min,Soybean pudding and delicate shaved-ice sets. Quiet late evenings.
Boba/Dessert,WooYo Tea,五窨茶,Specialty Milk Tea,Da'an (Xinyi Rd) / MRT Dongmen,60-120,4.7,8,57,1.98,MRT ~8 min (or 34 min walk),"Award-winning tea steeped to order, red oolong milk. Sat/Sun close 5pm."
Boba/Dessert,Wangtea Lab,當代茶吧,Modern Tea Bar,Datong (Dadaocheng) / MRT Daqiaotou,90-180,4.7,9,8,4.6,MRT ~18 min,"Draft, nitro and pour-over tea in a renovated old building. Pricier, top quality."
Boba/Dessert,Nap Tea (Ningxia),再睡5分鐘,Milk-Cap Boba,Datong (Ningxia) / MRT Shuanglian,60-95,4.8,10,13,4.65,MRT ~19 min,"Silky milk-cap and brown-sugar boba, cute sloth branding. Vegan oat-milk option."
Boba/Dessert,Mr. Chef Snow & Tofu,雪佛,Shaved Ice / Boba,Gongguan (Lane 244) / MRT Gongguan,100-180,4.5,11,45,0.21,4 min walk,"NEAR YOU. Mango/passionfruit yogurt snow ice, also boba. Fruit is seasonal."
Boba/Dessert,A Fu Douhua,阿富豆花,Douhua (Tofu Pudding),Da'an (Ruian St) / MRT Technology Bldg,50-90,4.6,12,73,1.51,26 min walk,Generous silky douhua and taro balls. Cheap neighborhood favorite.
Boba/Dessert,Beimen Fengli Ice,北門鳳李冰,Taiwanese Ice Cream,Da'an (Zhongxiao E) / MRT Zhongxiao Dunhua,60-100,4.6,13,35,3.24,MRT ~13 min,"Traditional handmade sorbet, longan/green-bean/taro combos. Cash-friendly."
Boba/Dessert,Xing Fu Tang,幸福堂,Brown Sugar Boba,Ximending / MRT Ximen,60-90,4.6,14,1,3.75,MRT ~15 min,"Sugar caramelized fresh in front of you, soft chewy pearls. Open to 12:30am."
Boba/Dessert,Happy Lemon Gongguan,快樂檸檬,Boba / Egg Waffle,Gongguan (Lane 24) / MRT Gongguan,55-90,4.5,15,78,0.35,6 min walk,NEAR YOU. Salted-cheese oolong and egg waffles. Last Happy Lemon in the city.
Boba/Dessert,YONSHIN Milk Tea Mansion,榕欣 奶茶殿,Milk Tea / Taiwanese,Xinyi / MRT Taipei City Hall,90-180,4.5,16,148,3.92,MRT ~16 min,Rich bubble milk and cake in Breeze NanShan. Also does Taiwanese food.
Boba/Dessert,Ba Bo Q Nai,巴伯Q奶,Brown Sugar Boba,Gongguan (Lane 316) / MRT Gongguan,45-65,4.3,17,95,0.25,4 min walk,"NEAR YOU. Warm silky brown-sugar pearls, some of the best in town. From 3:30pm."
Boba/Dessert,Yu Pin Yuan Iced Tangyuan,御品元冰火湯圓,Tangyuan Dessert,Da'an (Tonghua) / MRT Xinyi Anhe,80-120,4.3,18,24,2.73,MRT ~11 min (or 47 min walk),Iconic hot tangyuan over shaved ice with osmanthus. Evenings only.
Boba/Dessert,ODD ONE OUT,ODD ONE OUT,Specialty Boba,Da'an (Dunhua S) / MRT Xinyi Anhe,90-160,4.5,19,25,3.37,MRT ~13 min,"Award-winning silk boba, oat-milk option, art-gallery space. Higher price."
Boba/Dessert,Thai Like Tea,泰讚了,Thai Milk Tea,Gongguan (Lane 286) / MRT Gongguan,50-90,4.3,20,81,0.25,4 min walk,"NEAR YOU. ChaTraMue Thai tea, coconut-milk options. Cash only."
Boba/Dessert,Jiugong Douhua,九宮豆花,Douhua (Tofu Pudding),Da'an (Zhongxiao E) / MRT Zhongxiao Dunhua,50-90,4.3,21,151,3.29,MRT ~13 min,"Dense, honest tofu pudding, big beans, hot or cold. Closed Sun."
Boba/Dessert,Beans Village,豆花莊,Douhua (Tofu Pudding),Datong (Ningxia) / MRT Shuanglian,50-100,4.1,22,63,4.67,MRT ~19 min,"Famous Ningxia douhua and grass jelly, sugarcane ice. Open to 1am."
Boba/Dessert,Dejeng Oolong Tea,得正,Oolong Milk Tea,Gongguan (Lane 316) / MRT Gongguan,60-100,3.9,23,93,0.27,5 min walk,"NEAR YOU. Roasted oolong with cheese foam, popular chain. Peak-hour lines."
Boba/Dessert,Ximen Mango Shaved Ice,西門芒果冰,Mango Shaved Ice,Ximending / MRT Ximen,150-260,3.7,24,160,3.88,MRT ~16 min,SLIPPING off-season. Big silky mango ice Apr-Jun; frozen mango otherwise.
Boba/Dessert,KEBUKE,可不可熟成紅茶,Aged Black Tea Chain,Da'an (Shida) / MRT Taipower Building,35-65,4.6,25,42,0.79,14 min walk,NEW. Cult aged-black-tea chain with ~300 stores; top-10 list regular. 10:00-22:30.
Boba/Dessert,Jingimoo,金雞母,Modern Shaved Ice,Da'an (Dongmen) / MRT Dongmen,150-250,4.6,26,7,2.05,MRT ~8 min,NEW. Dongmen's artisan rose and burnt-matcha shaved ice; every Taipei dessert roundup features it. 12:00-20:00. Closed Mon.
Boba/Dessert,Bingzan,冰讚,Mango Shaved Ice,Datong / MRT Shuanglian,100-180,4.4,27,9,4.88,MRT ~19 min,"NEW. SEASONAL (Apr-Oct only). Aiwen mango snow ice; pilgrimage-level for Japanese and Korean visitors. 11:00-21:00, Apr-Oct only."
Boba/Dessert,Summer Tree Sweet,夏樹甜品,Almond Tofu / Shaved Ice,Datong (Dihua St) / MRT Daqiaotou,70-150,4.5,28,14,5.8,MRT ~23 min,NEW. Dihua Street's almond-tofu snow ice icon; first in local almond-tofu rankings. 10:30-18:30.
Boba/Dessert,Smoothie House,思慕昔,Mango Shaved Ice,Da'an (Yongkang) / MRT Dongmen,100-250,4.2,29,16,2.05,MRT ~8 min,"NEW. Yongkang St's iconic mango snowflake ice; CNN-ranked Taiwanese food (DanielFoodDiary). 11:00-23:00, last Mon of month off."
Boba/Dessert,Sao Douhua,騷豆花,Fruit Douhua,Da'an (Yanji St) / MRT Zhongxiao Dunhua,70-150,4.4,30,32,3.37,MRT ~13 min,"NEW. Famous seasonal fruit douhua (mango, strawberry, watermelon); expanded to Japan. 13:00-21:30. Closed Sun."
Boba/Dessert,Snow King Ice Cream,雪王冰淇淋,Ice Cream,Ximending / MRT Ximen,90-160,4.4,31,26,3.94,MRT ~15 min,"NEW. 1947 institution with 73 handmade flavors (basil, pork knuckle, kaoliang). 12:00-20:00, Tue off in winter."
Boba/Dessert,Chun Shui Tang,春水堂,Pearl Milk Tea Originator,Xinyi (Shin Kong A9) / MRT Taipei 101,100-250,4.1,32,28,3.53,MRT ~14 min,"NEW. The teahouse credited with inventing pearl milk tea in 1987; essential (DanielFoodDiary, Klook). 11:00-21:30."
Boba/Dessert,Shuanglian Yuanzai Soup,雙連圓仔湯,Tangyuan / Burnt Mochi,Datong / MRT Shuanglian,50-90,4.2,33,36,4.88,MRT ~19 min,NEW. Third-generation 1951 shop; seared mochi repeatedly named Taipei's must-eat tangyuan. 11:00-21:00. Closed Mon.
Boba/Dessert,Ice in Wonderland,愛玉之夢遊仙草,Aiyu / Grass Jelly,Da'an (Tonghua) / MRT Xinyi Anhe,50-80,4.3,34,40,2.74,MRT ~11 min,"NEW. Since 1995, all-handmade Alishan aiyu and grass jelly, open till 3am; Tonghua must-eat. 12:00-03:00. Closed Sun."
Boba/Dessert,Truedan,珍煮丹,Brown Sugar Boba,Shilin / MRT Jiantan,55-75,4.2,35,56,7.5,MRT ~29 min,"NEW. Shilin-born originator of hand-cooked brown sugar boba (2010), now global. 11:00-20:00+."
Boba/Dessert,50 Lan,50嵐,Classic Boba Chain,Ximending / MRT Ximen,30-65,3.9,36,58,3.94,MRT ~15 min,"NEW. Taiwan's default homegrown boba since 1994; locals' everyday order (DanielFoodDiary, Klook). 10:00-22:30."
Boba/Dessert,Dong Qu Fen Yuan,東區粉圓,Tapioca Dessert,Da'an / MRT Zhongxiao Dunhua,55-75,3.9,37,77,3.37,MRT ~13 min,NEW. 40-year tapioca-pearl dessert legend with 70 toppings; on every classic-dessert list. 11:00-23:00.
Food,Long Hao Shi,籠好食,Dumplings,Wanhua (Xining Rd),100-200,4.9,1,135,3.37,MRT ~13 min,"Tiny street stall, mentaiko udon and XLB, free sweet tea. Closed Mon."
Food,Xin Taiwan G King,新台灣G王,Fried Chicken,Da'an (Tonghua) / MRT Xinyi Anhe,60-100,4.8,2,87,2.56,MRT ~10 min (or 44 min walk),"Late-night fried chicken, cartilage chicken. Opens 7pm. Closed Sun."
Food,Chao Zhuan Mian Fu,潮饌麵府,Noodle,Xinyi (Wuxing St),60-120,4.5,3,133,3.23,MRT ~13 min,"Great noodles and dumplings, cashless. Closed Sat/Sun."
Food,Congee Full of Treasure,寶粥館,Congee,Zhongshan / MRT Zhongshan,100-200,4.8,4,150,3.61,MRT ~14 min,Takeaway only. Flower-carved chicken congee. Closed Sun.
Food,Lao Xian Jue Mala Hotpot,老先覺麻辣鍋,Mala Hotpot (AYCE),Zhongshan / MRT Zhongshan Jr High,250-400,4.8,5,102,5.33,MRT ~21 min,"All-you-can-eat mala hotpot, free ice cream and drinks. Great value."
Food,Xiong Da Beef Noodle,雄大牛肉麵,Beef Noodle,Gongguan (Lane 283),95-210,4.7,6,141,0.01,0 min walk,"NEAR YOU (approx). Highest-rated nearby. Tomato beef, free fruit."
Food,Zheng Wu Beef Noodle,政武牛肉麵,Beef Noodle,Da'an (Da'an Rd),180-250,4.8,7,79,3.11,MRT ~12 min (or 54 min walk),"Small local shop, tomato beef broth, very friendly. Closed Sun."
Food,Fu Ding Claypot Congee,富鼎砂鍋粥,Congee,Zhongshan / MRT Zhongshan,150-250,4.7,8,37,3.85,MRT ~15 min,Generous seafood claypot congee with abalone and scallops.
Food,Zheng Jiao Zhan,蒸餃棧,Dumplings,Wanhua (Hankou St),70-140,4.7,9,127,4.04,MRT ~16 min,Turmeric dumplings praised as best-ever by some. Tiny stall.
Food,Mei Zhen Doujiang,美珍豆漿,Breakfast,Datong / MRT Yuanshan,60-100,4.7,10,126,5.62,MRT ~22 min,"Temple-side gem, salty soy milk, egg pancake with floss. Closed Fri."
Food,Dong Yue Fuzhou Dry Noodle,東越河粉福州乾麵,Rice Noodle,Gongguan (Wenzhou St L74),60-130,4.6,11,143,0.2,3 min walk,"NEAR YOU. Clear light pork rice-noodle soup, tender beef. Cash only."
Food,Tai Da Malatang (Xiao Jie Jie),小姐姐麻辣食堂,Malatang,Da'an / MRT Technology Bldg,100-180,4.8,12,43,1.3,23 min walk,"Pick-your-own malatang, best mala broth, free rice and drinks. Cheap."
Food,Shi San Wan Handmade Mee Sua,食三碗手工麵線,Mee Sua,Da'an (Da'an Rd),60-100,4.6,13,145,3.07,MRT ~12 min (or 53 min walk),"Plump oysters, well-balanced broth, friendly boss. Closed Sun."
Food,Bade Ginger Duck,鴨味仔薑母鴨 八德,Ginger Duck Hotpot,Zhongshan / MRT Zhongxiao Xinsheng,250-400,4.6,14,110,3.26,MRT ~13 min,"SEASONAL (winter). Charcoal ginger-duck hotpot, sesame oil and wine."
Food,Hong Deng Rong Noodle,紅燈榮擔仔麵,Noodle,Da'an (Yanji St),80-120,4.7,15,76,3.54,MRT ~14 min,"Herbal braised pork leg rice, hongyou chaoshou, QQ noodles. NT$100 meal."
Food,Tang Bao Le,湯包樂,Dumplings,Wanhua (Kunming St),100-180,4.6,16,128,3.77,MRT ~15 min,"Comforting XLB and lu rou fan, friendly owners, good value."
Food,Bandao (Peninsula) Beef Noodle,半島牛肉麵,Beef Noodle,Xinyi / MRT Houshanpi,180-250,4.8,17,3,4.7,MRT ~19 min,"Home-cooked feel, free soup refills, huge tender beef and tendon."
Food,Lee Chi Oyster Omelet,賴記蚵仔煎,Oyster Omelette,Songshan (Raohe) / MRT Songshan,60-120,4.6,18,144,5.47,MRT ~22 min,"Top-3 oyster omelette, at far end of Raohe. Rich squid soup too. IDENTITY? Raohe stall may be 李記蚵仔煎."
Food,59 Noodle Specialty,59麵疙瘩,Noodle,Gongguan (Alley 4 Lane 286),50-90,4.5,19,140,0.02,0 min walk,NEAR YOU (approx). Spicy dry noodles with smoked duck. Local favorite.
Food,Veggie Steamed Stinky Tofu,素食蒸臭豆腐,Stinky Tofu (Veg),Gongguan (Lane 244),60-100,4.5,20,134,0.14,2 min walk,"NEAR YOU. Steamed stinky tofu NT$75, kimchi option, cheap. Closed Sun."
Food,Like Tofu,來呹豆腐,Stinky Tofu (Veg),Da'an (Linjiang) / MRT Xinyi Anhe,60-120,4.5,21,158,2.58,MRT ~10 min (or 45 min walk),"Steamed stinky tofu, mushroom mince rice, very friendly. Closed Sat."
Food,Liu Tang Bao,劉湯包,Dumplings,Wanhua (Neijiang St),60-100,4.5,22,132,3.7,MRT ~15 min,"NT$70 for 8 XLB, freshly steamed. Sidewalk seating. Great cheap value."
Food,Mian Xian Town,麵線町,Mee Sua,Datong / MRT Zhongshan,70-120,4.5,23,48,4.35,MRT ~17 min,"Hip Chifeng St mee sua, fresh ingredients, young owners. Closed Tue."
Food,Donald Duck Hotpot (Tang Lao Ya),唐老鴨小火鍋,Hotpot (student),Gongguan (Xinsheng S Rd L70),150-250,4.4,24,117,0.23,4 min walk,"NEAR YOU. Student small hotpot, free-flow rice, drinks, ice cream. Cheap."
Food,Din Tai Fung (Xinyi Original),鼎泰豐 信義本店,Xiao Long Bao,Da'an / MRT Dongmen,300-500,4.4,25,2,1.73,MRT ~8 min (or 30 min walk),"STILL GREAT. Iconic, consistent. Share baskets to stay cheap."
Food,Yu Pin Yuan Iced Tangyuan,御品元冰火湯圓,Dessert (Tangyuan),Da'an (Tonghua) / MRT Xinyi Anhe,80-120,4.3,26,24,2.73,MRT ~11 min (or 47 min walk),Iconic hot tangyuan over shaved ice with osmanthus. Evenings only.
Food,Shao Ou Chao Shou,燒喔！抄手麵食館,Noodle / Wonton,Da'an / MRT Zhongxiao Fuxing,80-140,4.4,27,94,3.01,MRT ~12 min (or 52 min walk),"Pork chili-oil wontons, tomato egg soup, friendly. Closed Mon/Sun."
Food,Cha Kee Noodle House,查記麵館,Noodle,Xinyi (Wuxing St),60-115,4.4,28,119,3.2,MRT ~13 min (or 55 min walk),Century-egg minced pork noodles with house chili. Cheap. Closed Sat/Sun.
Food,Soy Milk Shop,豆漿店,Breakfast,Da'an (Yanji St) / MRT Zhongxiao Dunhua,60-100,4.4,29,120,3.41,MRT ~14 min,"24h Taiwanese breakfast, salty soy milk, rice balls. Clean and quick."
Food,King Pork (Wan Nian),小王 王記排骨,Pork Chop Rice,Ximending / MRT Ximen,120-200,4.4,30,137,3.87,MRT ~15 min,Basement Wan Nian Bldg. Crispy juicy pork chop set. Old favorite.
Food,A Cheng Goose,阿城鵝肉,Smoked Goose,Zhongshan / MRT Songjiang Nanjing,150-300,4.4,31,6,4.27,MRT ~17 min,"STILL GREAT. Bib Gourmand. Smoky tender goose, cheaper cut is best value."
Food,Da Shi Shen Ginger Duck,大食神炭燒薑母鴨,Ginger Duck Hotpot,Datong / MRT Yuanshan,250-400,4.4,32,118,6.01,MRT ~24 min,"SEASONAL (winter). Traditional charcoal ginger-duck pot, good for groups."
Food,Jipin Fried Dumpling,及品鍋貼,Dumplings,Shilin / MRT Zhishan,70-140,4.4,33,55,8.82,MRT ~35 min,"Top potstickers, local crowd, changing soup of the day. Closed Sun."
Food,Duo Duo Xiao Chi,多多小吃,Noodle / Home-style,Gongguan (Wenzhou St),60-120,4.3,34,153,0.24,4 min walk,"NEAR YOU. 82-yr-old grandpa, tomato beef noodle, pork trotter, no MSG."
Food,Takumi Dumplings,巧之味手工水餃,Dumplings,Zhongzheng / MRT Shandao Temple,80-160,4.3,35,70,2.64,MRT ~11 min (or 46 min walk),"Popular handmade dumplings, thin soft skin. Line moves fast. Closed Sun."
Food,Nanjichang Night Market,南機場夜市,Night Market,Zhongzheng,150-250,4.3,36,33,2.89,MRT ~12 min (or 50 min walk),"STILL GREAT. Local, non-touristy, Michelin stalls. Best cheap crawl."
Food,Chen Yang Goose King,陳陽鵝肉大王,Goose,Da'an (Da'an Rd),150-280,4.3,37,124,3.24,MRT ~13 min,"Light, not oily goose, tender rice cake. Closed Mon."
Food,Chung Ching Shrimp Rice,重慶蝦仁飯,Shrimp Rice,Xinyi / MRT Taipei 101,150-250,4.3,38,154,3.66,MRT ~15 min,"Taipei 101 food court gem. Shrimp-topped rice, tofu, fish ball soup."
Food,Sihai Soy Milk,四海豆漿,Breakfast,Datong / MRT Zhongshan,60-100,4.2,39,100,3.8,MRT ~15 min,"Old-school open-air breakfast, tofu pudding, salty soy milk. Great value."
Food,Taiwan Xiao Long Bao,台灣小籠包,Dumplings,Wanhua (Hankou St),80-160,4.3,40,152,3.95,MRT ~16 min,"24h. Handmade thin-skin XLB, great value, also buns."
Food,Sinchao Rice Shoppe,心潮飯店,Modern Taiwanese,Xinyi / MRT Taipei City Hall,250-400,4.1,41,74,4.3,MRT ~17 min,"PRICIER. Michelin. Mullet-roe fried rice, three-cup chicken. In Breeze mall."
Food,Raohe Street Night Market,饒河街觀光夜市,Night Market,Songshan / MRT Songshan,150-250,4.2,42,15,5.84,MRT ~23 min,"Best all-round market. Pepper bun, medicinal ribs, mochi, papaya milk."
Food,Jin Da Lu Rou Fan,今大魯肉飯,Lu Rou Fan,New Taipei Sanchong / MRT Cailiao,60-120,4.3,43,39,6.57,MRT ~26 min,"Famous Sanchong lu rou fan. Cheap, big lines. Closed Thu. (New Taipei)"
Food,Taiwan Fried Chicken HQ,台灣鹽酥雞大直創始總店,Fried Chicken,Zhongshan / MRT Dazhi,60-100,4.1,44,96,7.02,MRT ~28 min,"Founding salt-and-pepper chicken, boneless variant, open to 4am."
Food,Tai Da Niu Zhuang,台大牛莊,Lu Rou Fan,Gongguan (Alley 4 Lane 286),60-90,4.2,45,155,0.01,0 min walk,"NEAR YOU (approx). Full lu rou fan meal NT$60 with egg, veg, soup."
Food,Chan Chu Life Cuisine,饌竹,Bento / Taiwanese,Gongguan (Lane 283),60-120,4.2,46,163,0.07,1 min walk,"NEAR YOU. NTU student staple, meat bento, free soup and grass jelly."
Food,Da Gou Mee Sua (Gongguan),大狗麵線 公館,Mee Sua,Gongguan / MRT Gongguan,50-80,4.2,47,142,0.5,9 min walk,NEAR YOU. Cheap intestine mee sua by the Gongguan bus stops.
Food,NTU Female Dorm #9 Canteen,台大女九舍餐廳,Buffet (by weight),Gongguan (NTU campus),60-120,4.2,48,161,0.78,14 min walk,"NEAR YOU. Best-value NTU buffet, pay by weight. Weekdays only."
Food,Huo Da NTU Canteen,活大餐廳,Canteen,Gongguan (NTU campus),50-100,4.2,49,162,0.84,15 min walk,"NEAR YOU. In-campus canteen, very cheap variety meals."
Food,Ding Hao Zi Lin,頂好紫琳蒸餃館,Dumplings,Da'an / MRT Zhongxiao Fuxing,70-140,4.2,50,85,3.1,MRT ~12 min (or 54 min walk),"Steamed dumplings, potstickers, hot and sour soup. Best 3-6pm."
Food,Taiwan Beef Noodles Chicken Soup,牛肉麵．雞湯,Beef Noodle,Da'an (Dunhua S Rd),180-250,4.2,51,86,3.29,MRT ~13 min,"Dinner only. Tomato broth, gelatinous chicken soup. Lucas Sin pick."
Food,Shi Er Yue Congee,十二月粥品,Congee,Da'an / MRT Zhongxiao Dunhua,150-250,4.2,52,89,3.29,MRT ~13 min,"Congee, tea, home dishes. Comforting chicken congee. Open late."
Food,Dong Yi Pork Chop,東一排骨,Pork Chop Rice,Zhongzheng / MRT Ximen,120-200,4.2,53,69,3.67,MRT ~15 min,"Retro 1980s vibe, classic Taiwanese pork chop. Closed Mon."
Food,Chen Ji Intestine Mee Sua,陳記腸蚵專業麵線,Mee Sua,Wanhua / MRT Longshan Temple,60-100,4.1,54,97,3.89,MRT ~16 min,"Big fresh oysters, tender intestine. Some rate above Ay-Chung."
Food,Fuhong (Fu Hong) Beef Noodles,富宏牛肉麵,Beef Noodle,Wanhua / MRT Ximen,150-220,4.2,55,30,4.09,MRT ~16 min,"24h. Handmade noodles, tender beef, free drinks. Local favorite."
Food,Guangzhou St Crispy Oyster Omelette,廣州街脆皮蚵仔煎,Oyster Omelette,Wanhua / MRT Longshan Temple,60-100,4.2,56,90,4.18,MRT ~17 min,"Crispy-edge oyster omelette NT$80, huge fresh oysters, great soup."
Food,Master Spicy Noodle,天下三絕,Spicy Noodle,Zhongshan / MRT Minquan W Rd,150-250,4.2,57,41,4.22,MRT ~17 min,"Rich spicy dry noodle, chewy, crispy cruller to dip. Order-per-person."
Food,Kyoto Xiaoguan,京鼎小館,Dumplings,Songshan / MRT Nanjing Fuxing,150-250,4.2,58,88,4.44,MRT ~18 min,"Truffle XLB, can do 5-piece orders. Closed Mon."
Food,Ningxia Night Market,寧夏夜市,Night Market,Datong / MRT Shuanglian,150-250,4.2,59,29,4.51,MRT ~18 min,"Local favorite. Oyster omelette, Liu Yu Zai taro balls (Bib)."
Food,Daquan Goose,大全鵝肉,Goose,Songshan / MRT Nanjing Sanmin,120-260,4.3,60,98,4.71,MRT ~19 min,"Juicy goose, deboned option, goose meat rice combo NT$95. Closed Sun."
Food,Huang Ji Braised Pork,黃記魯肉飯,Lu Rou Fan,Zhongshan / MRT Yuanshan,100-180,4.2,61,54,5.14,MRT ~21 min,Michelin-recommended. Great napa cabbage side. Closed Mon/Thu.
Food,Gongguan Night Market,公館夜市,Night Market,Gongguan / MRT Gongguan,150-250,4.1,62,84,0.56,10 min walk,"NEAR YOU. Compact NTU-area market, oyster noodles, skewers, cheap."
Food,Yong He Soya Milk King,永和豆漿大王,Breakfast,Da'an / MRT Daan,60-100,4.2,63,68,1.74,MRT ~8 min (or 30 min walk),"Beloved breakfast, crispy youtiao, radish cake, creamy soy milk. Closed Mon."
Food,Huang Mama Rice Noodle Soup,黃媽媽米粉湯,Rice Noodle,Da'an / MRT Dongmen,60-120,4.1,64,131,1.92,MRT ~8 min (or 33 min walk),Hidden gem in Dongmen Market. Cheap. Closed Mon.
Food,Pin Xian Seafood (Re Chao),品鮮活魚快炒,Stir-fry (Re Chao),Da'an / MRT Technology Bldg,150-300,4.1,65,157,2.19,MRT ~9 min (or 38 min walk),"Lively late-night Taiwanese stir-fry, clams, kung pao chicken. To 1am."
Food,Happy Dumpling (Dongfeng),東鋒餃子館,Dumplings,Da'an / MRT Daan,120-200,4.1,66,168,2.34,MRT ~9 min (or 41 min walk),"Creative dumpling combos, warm service. Closed Sun."
Food,Taiwan Crispy Chicken Tonghua,台灣鹹酥雞 通化,Fried Chicken,Da'an (Linjiang) / MRT Xinyi Anhe,60-100,4.1,67,129,2.63,MRT ~11 min (or 46 min walk),"Linjiang Night Market fried chicken, daily NT$10 special. Open late."
Food,Linjiang (Tonghua) Night Market,臨江街觀光夜市,Night Market,Da'an / MRT Xinyi Anhe,150-250,4.1,68,62,2.63,MRT ~11 min (or 46 min walk),"Next to Taipei 101 area. 4 Bib Gourmand stalls, stinky tofu, tangyuan."
Food,Famous Taiwanese Meatball,三兄弟肉圓,Ba Wan (Meatball),Da'an (Tonghua) / MRT Xinyi Anhe,50-90,4.1,69,156,2.71,MRT ~11 min (or 47 min walk),Iconic gelatinous ba wan and taro rice cake. Cheap comfort snack.
Food,Fu Hang Soy Milk,阜杭豆漿,Breakfast,Zhongzheng / MRT Shandao Temple,60-100,4.1,70,17,3.0,MRT ~12 min (or 52 min walk),"Iconic breakfast. Long line, before 8am. Closed Mon."
Food,1976 Cantonese Congee,1976道地香港美食,Congee / Cantonese,Da'an / MRT Zhongxiao Dunhua,150-250,4.1,71,112,3.09,MRT ~12 min (or 54 min walk),Authentic Cantonese congee and wonton noodles since childhood.
Food,Braised Pork Rice (Gongyuan Rd),魯肉飯,Lu Rou Fan,Zhongzheng / MRT Ximen,50-100,4.1,72,169,3.41,MRT ~14 min,Back-alley hidden gem. Sticky rich lu rou fan. Closed Mon/Sun.
Food,Popcorn Chicken King Ximen,台灣鹽酥雞 西門,Fried Chicken,Ximending / MRT Ximen,60-100,4.1,73,146,3.69,MRT ~15 min,"Big portions, fried fresh to order, tofu and squid too. Open late."
Food,Ay-Chung Flour-Rice Noodle,阿宗麵線,Mee Sua,Ximending / MRT Ximen,60-80,4.0,74,44,3.72,MRT ~15 min,"Ximen icon, one dish. Stand and slurp. Cheap."
Food,Tian Tian Li,天天利美食坊,Lu Rou Fan,Ximending / MRT Ximen,80-150,4.2,75,67,3.87,MRT ~15 min,Ximen classic. Lu rou fan with soft egg. Also oyster omelette. Closed Mon.
Food,Gouqiang Mala Xiang Guo,夠嗆麻辣香鍋,Malatang,Ximending / MRT Ximen,100-180,4.1,76,147,4.0,MRT ~16 min,"Cheap pick-your-own Sichuan dry pot, duck blood soup, veg options."
Food,Hou Jun Goose,後駿鵝肉店,Goose,Datong / MRT Taipei Main,120-220,4.1,77,167,4.03,MRT ~16 min,"Behind Taipei Main. Tender goose, good sauce, duck blood. Closed Wed/Sun."
Food,Wang's Broth (Xiao Wang),小王煮瓜,Braised Pork Rice,Wanhua / MRT Longshan Temple,100-150,4.1,78,52,4.1,MRT ~16 min,Bib Gourmand. Dark braised pork. Closed Tue.
Food,Pang Lao Ban Pork Congee,胖老闆誠意肉粥,Congee,Zhongshan / MRT Songjiang Nanjing,100-200,4.1,79,114,4.13,MRT ~17 min,Late-night meat congee and fried prawn cake. Opens 9pm. Closed Mon/Sun.
Food,Chef Hung Beef Noodle,洪師父牛肉麵,Beef Noodle,Zhongshan / MRT Songjiang Nanjing,200-280,4.2,80,71,4.14,MRT ~17 min,Michelin. Rich broth. Some say slightly over-hyped.
Food,Luo's Danzai Noodles,擔仔麵,Danzai Noodle,Wanhua / MRT Longshan Temple,45-90,4.1,81,130,4.23,MRT ~17 min,"50-yr-old shop. Shallot-pork danzai noodles NT$45, braised knuckle. Mornings."
Food,Dong Yin Late-Night Eats,東引小吃店,Beef Noodle / Late Night,Songshan / MRT Nanjing Sanmin,80-150,4.0,82,109,5.14,MRT ~21 min,"Open to 4am. Big-portion beef noodle and lu rou fan, English menu."
Food,Lan Jia Gua Bao,藍家割包,Gua Bao,Gongguan / MRT Gongguan,60-100,4.0,83,47,0.26,5 min walk,"Bib Gourmand. Soft bun, choose lean/fat/mixed. Closed Mon."
Food,Ruian Soy Milk,瑞安豆漿,Breakfast,Da'an / MRT Daan,60-100,4.1,84,113,1.51,26 min walk,"24h local breakfast, thick hot soy milk, egg pancakes. Clean, cheap."
Food,Chou Lao Ban Steamed Stinky Tofu,臭老闆現蒸臭豆腐,Stinky Tofu (Veg),Zhongzheng (Nanjichang),60-120,4.0,85,83,2.83,MRT ~11 min (or 49 min walk),Nanjichang gem. Steamed stinky tofu in rich broth over rice. Closed Wed.
Food,Liu Shandong Beef Noodle,劉山東牛肉麵,Beef Noodle,Zhongzheng / MRT Taipei Main,180-240,4.0,86,49,3.58,MRT ~14 min,"Bib Gourmand. Rich braised broth, free veg. Cash only. Closed Sun."
Food,Lao Shandong Homemade Noodles,老山東牛肉家常麵,Beef Noodle,Ximending / MRT Ximen,150-220,4.0,87,66,3.85,MRT ~15 min,Bib Gourmand 7 yrs. Handmade noodles. Basement food court. Cash only.
Food,Shilin Night Market,士林夜市,Night Market,Shilin / MRT Jiantan,150-300,4.1,88,27,7.81,MRT ~31 min,"Biggest and most touristy. Good variety, locals prefer Raohe/Nanjichang."
Food,Hang Zhou Xiao Long Bao,杭州小籠湯包,Dumplings,Zhongzheng / MRT CKS Memorial,200-300,3.8,89,105,1.97,MRT ~8 min (or 34 min walk),SLIPPING slightly. Cheaper DTF alt near CKS. QR ordering.
Food,Lin Dong Fang Beef Noodle,林東芳牛肉麵,Beef Noodle,Zhongshan / MRT Zhongxiao Fuxing,200-260,3.9,90,75,3.44,MRT ~14 min,"SLIPPING. Once Reddit-famous, mixed recent reviews. Open to 3am."
Food,Yong Kang Beef Noodle,永康牛肉麵,Beef Noodle,Da'an / MRT Dongmen,250-320,3.8,91,91,1.7,MRT ~8 min (or 29 min walk),SLIPPING + PRICEY. Famous name but reviews say not the best.
Food,Jin Feng Braised Pork Rice,金峰魯肉飯,Lu Rou Fan,Zhongzheng / MRT CKS Memorial,100-150,3.8,92,121,2.06,MRT ~8 min (or 36 min walk),"SLIPPING. Longtime fans say sauce lost its edge. Cheap, fast. Closed Mon."
Food,Fuzhou Shizu Pepper Bun,福州世祖胡椒餅,Pepper Bun,Songshan (Raohe) / MRT Songshan,65,3.6,93,125,5.87,MRT ~23 min,"SLIPPING. Viral bun, hot and fresh, but reviewers say lacks depth."
Food,A-Ying Braised Pork Rice,阿英滷肉飯,Lu Rou Fan,Gongguan (Wenzhou St),90,3.6,94,159,0.22,4 min walk,"NEAR YOU (approx). Biggest portion, Tainan-style sweet, fried egg."
Food,Tian Jin Onion Pancake,天津蔥抓餅,Scallion Pancake,Da'an / MRT Dongmen,40-60,3.6,95,170,1.64,MRT ~8 min (or 28 min walk),SLIPPING + HYGIENE FLAG. Cheapest snack. Recent food-safety concerns.
Food,Lai Ji Oyster Omelette,賴記雞蛋蚵仔煎,Oyster Omelette,Datong / MRT Daqiaotou,70-100,3.5,96,164,4.62,MRT ~18 min,SLIPPING. Fresh oysters but reviewers call it average. Closed Tue.
Food,Dongfahao (Raohe Mee Sua),東發號,Mee Sua,Songshan (Raohe) / MRT Songshan,60-100,3.8,97,149,5.63,MRT ~23 min,"SLIPPING. Bib Gourmand oyster/intestine mee sua, but reviews mixed."
Food,Hot-Star Large Fried Chicken,豪大大雞排,Fried Chicken,Shilin / MRT Jiantan,95,3.4,98,165,7.83,MRT ~31 min,"SLIPPING. Bigger-than-face cutlet, huge and cheap, but inconsistent."
Food,Liu's Pan-Fried Buns,劉家水煎包,Pan-fried Buns,Gongguan (Tingzhou Rd),19-60,3.4,99,166,0.4,7 min walk,NEAR YOU. NT$19 pork/cabbage/chive buns. Cheap but rating has dipped.
Food,Gongguan Mee Sua Shop,公館麵線店,Mee Sua / Stinky Tofu,Gongguan / MRT Gongguan,50-90,3.4,100,171,0.7,12 min walk,NEAR YOU. Old-name stinky tofu and intestine mee sua. Rating slipped.
Food,Yi Jia Zi,一甲子餐飲,Kong Rou Fan / Gua Bao,Wanhua / MRT Longshan Temple,60-150,4.4,101,4,4.06,MRT ~16 min,"NEW. Bib Gourmand every year since 2020; 60-year braised pork belly rice and gua bao by Qingshui Temple. 09:00-19:00, Sat to 14:00. Closed Sun."
Food,Shuang Yue Food,雙月食品社,Herbal Chicken Soup,Zhongzheng / MRT Shandao Temple,150-300,4.5,102,5,3.38,MRT ~13 min,"NEW. 7-yr Bib Gourmand herbal chicken soup; even Morris Chang eats here (Michelin). 11:00-14:00, 17:00-20:00."
Food,Jin Yuan Pork Chop,金園排骨 萬年店,Pork Chop Rice,Ximending / MRT Ximen,110-160,4.4,103,19,3.94,MRT ~15 min,"NEW. Since 1973 in Wannian basement; Taipei's benchmark fried pork chop, free rice/soup refills (DanielFoodDiary). 11:00-21:00."
Food,Shi Jia Fresh Meat Tangyuan,施家鮮肉湯圓,Savory Tangyuan,Datong (Yanping N Rd) / MRT Daqiaotou,50-120,4.3,104,12,5.8,MRT ~23 min,"NEW. 1964 Yansan Night Market Hakka savory tangyuan; multi-year Bib Gourmand. 11:30-15:00, 17:00-22:30. Closed Tue."
Food,Ajiao Braised Pork,阿角紅燒肉,Fried Hongshao Pork,Datong (Taiping Mkt) / MRT Daqiaotou,60-150,4.4,105,31,5.8,MRT ~23 min,"NEW. Taiping Market's fabled fried hongshaorou across six cuts; called Taipei's strongest; takeout only. 08:00-12:30, sells out early. Closed Mon."
Food,Fang Chia Shredded Chicken Rice,方家雞肉飯,Ji Rou Fan,Datong (Ningxia) / MRT Shuanglian,50-100,4.2,106,22,4.88,MRT ~19 min,"NEW. Bib Gourmand 2019-2022; NT$50 Chiayi-style chicken rice, Ningxia's rice king. 18:00-23:00 evenings. Closed Mon."
Food,Yuanfang Guabao,源芳刈包,Gua Bao,Wanhua / MRT Longshan Temple,50-120,4.2,107,23,4.06,MRT ~16 min,"NEW. 1955 Huaxi St gua bao legend, house-made buns, 5+ consecutive Bib Gourmand years. 11:30-20:00. Closed Mon."
Food,Atong Abao Four Herbs Soup,阿桐阿寶四神湯,Four-Herb Soup,Datong (Ningxia) / MRT Shuanglian,50-150,4.2,108,34,4.88,MRT ~19 min,"NEW. Taipei's most-reviewed si-shen-tang, est. 1977, open till 5am; cabbies' favorite. 11:00-05:00."
Food,Shi Yuan Salt & Pepper Chicken,師園鹽酥雞,Fried Chicken,Da'an (Shida) / MRT Taipower Building,60-200,4.2,109,50,0.79,14 min walk,"NEW. Since 1984, PTT-crowned birthplace of garlic yansuji; Shida night market's defining fry stall. 12:00-00:30."
Food,Liu Mama Rice Balls,劉媽媽飯糰,Fantuan (Breakfast),Zhongzheng / MRT Guting,50-90,4.2,110,51,1.66,MRT ~8 min,"NEW. One of Taipei's big-three fantuan, ~30 fillings, purple-rice signature; daily queues. 05:00-11:30 mornings. Closed Mon."
Food,Qingdao Soy Milk,青島豆漿店,Breakfast / Shaobing,Zhongzheng / MRT Dongmen,40-100,4.2,111,53,2.05,MRT ~8 min,NEW. Rare surviving oven-baked shaobing breakfast shop; a living museum with morning queues. 05:30-11:30 mornings. Closed Sun.
Food,San Yuan Hao,三元號,Lu Rou Fan,Datong / MRT Zhongshan,45-150,4.0,112,59,4.33,MRT ~17 min,NEW. Century-old (1920) institution; lean lu rou fan + shark-fin geng combo; 500 Bowls list. 09:00-21:00. Closed Tue.
Food,A-Tu Sesame Oil Chicken,阿圖麻油雞,Sesame Oil Chicken,Zhongshan (Liaoning St) / MRT Nanjing Fuxing,100-250,4.1,113,64,4.2,MRT ~16 min,NEW. 40+ year stall widely called Taipei's best sesame oil chicken; winter queues like concerts (Johor Kaki). 11:00-21:00. Closed Sun.
Food,Dingyuan Soy Milk,鼎元豆漿,Breakfast / XLB,Zhongzheng / MRT CKS Memorial,50-130,4.1,114,65,2.46,MRT ~10 min,"NEW. 60-yr breakfast institution; xiaolongbao, crab-shell pastry, salty soy milk. 05:00-11:30 mornings."
Food,Yuan Huan Pien Oyster Omelette,圓環邊蚵仔煎,Oyster Omelette,Datong (Ningxia) / MRT Shuanglian,75-150,3.9,115,60,4.88,MRT ~19 min,"NEW. Since 1965, Ningxia's most-queued stall; multi-year Michelin listing, Jensen Huang's famous stop. 12:00-14:30, 16:30-00:30. Closed Mon."
Food,Liang Ji Chiayi Chicken Rice,梁記嘉義雞肉飯,Ji Rou Fan,Zhongshan / MRT Songjiang Nanjing,60-150,4.0,116,80,4.07,MRT ~16 min,"NEW. Since 1975, office-worker legend for turkey rice with half-cooked egg. 10:00-14:30, 16:30-20:00. Closed Sat/Sun."
Food,Zhou Ji Pork Congee,周記肉粥店,Congee / Hongshao Pork,Wanhua / MRT Longshan Temple,50-150,3.8,117,92,4.06,MRT ~16 min,"NEW. 70-year Wanhua landmark; NT$15 rou zhou plus one of Taipei's three great crispy hongshao pork (Taiwan Scene, Johor Kaki). 06:00-16:15."
Food,Dragon Inn Dumplings,龍門客棧餃子館,Dumplings / Luwei,Zhongzheng / MRT Shandao Temple,120-250,3.8,118,103,3.38,MRT ~13 min,NEW. 1969 evening-only dumpling and luwei queue legend; Taipei Quarterly dumpling guide top-3. 17:00-22:30 dinner only. Closed Mon.
Food,Dongmen Dumpling House,東門餃子館,Dumplings / Northern,Da'an (Yongkang) / MRT Dongmen,200-300,3.8,119,104,2.05,MRT ~8 min,"NEW. ~70-year northern-Chinese dumpling hall on Yongkang St; the local's pick (Taipei Times, Taiwan Obsessed). 11:00-14:30 & 17:00-21:00 (2nd/4th Thu off)."
Food,World Soy Milk King,世界豆漿大王,Breakfast,Yonghe / MRT Dingxi,50-150,3.8,120,108,1.93,MRT ~8 min,"NEW. The 1955 originator of Yonghe soy-milk culture, 24h; the original Taiwanese breakfast shop (Taiwan Obsessed). 24h."
Food,Wan Lin Lu Rou Fan,丸林魯肉飯,Lu Rou Fan / Buffet,Zhongshan / MRT Yuanshan,100-250,3.9,121,107,6.35,MRT ~25 min,NEW. Guidebook-famous 50-year lu rou fan hall beloved by tour groups (Taipei Navi). 10:30-21:00.
Food,Xiao Li Zi Congee Buffet,小李子清粥小菜,Congee / Side Dishes,Da'an / MRT Technology Bldg,150-300,3.8,122,122,1.51,27 min walk,"NEW. 35-year king of congee street: unlimited sweet-potato porridge, ~100 sides, open 5pm-6am. 17:00-06:00 overnight."
Food,Liu Yu Zai Fried Taro Balls,劉芋仔蛋黃芋餅,Taro Balls (Night Market),Datong (Ningxia) / MRT Shuanglian,25-70,3.6,123,99,4.88,MRT ~19 min,"NEW. 5-year Bib Gourmand; 40-year stall, egg-yolk taro balls with Ningxia's longest queue. 17:30-00:00."
Food,Chen Dong Herbal Ribs Soup,陳董藥燉排骨,Herbal Ribs Soup,Songshan (Raohe) / MRT Songshan,80-160,3.5,124,116,5.85,MRT ~23 min,NEW. Raohe's first yao dun paigu; Bib Gourmand 5 straight years 2018-2022. 16:30-23:00. Closed Tue.
Noodles,Chao Zhuan Mian Fu,潮饌麵府,Noodle / Dumpling,Xinyi (Wuxing St) / MRT Taipei 101,60-120,4.5,1,133,3.23,MRT ~13 min,"Great noodles and dumplings, cashless. Closed Sat/Sun."
Noodles,Xiong Da Beef Noodle,雄大牛肉麵,Beef Noodle,Gongguan (Lane 283) / MRT Gongguan,95-210,4.7,2,141,0.03,1 min walk,"NEAR YOU. Highest-rated nearby. Tomato beef noodle, free fruit. Closed Sun. Afternoon break 14:30-17:00."
Noodles,Zheng Wu Beef Noodle,政武牛肉麵,Beef Noodle,Da'an (Da'an Rd) / MRT Daan,180-260,4.8,3,79,3.11,MRT ~12 min (or 54 min walk),"Small local shop, tomato beef broth, very friendly. Closed Sun."
Noodles,Dong Yue Fuzhou Dry Noodle,東越河粉福州乾麵,Rice Noodle,Gongguan (Wenzhou St L74),60-130,4.6,4,143,0.2,3 min walk,"NEAR YOU. Clear light pork rice-noodle soup, tender beef. Cash only."
Noodles,Shi San Wan Handmade Mee Sua,食三碗手工麵線,Mee Sua,Da'an (Da'an Rd) / MRT Daan,60-100,4.6,5,145,3.07,MRT ~12 min (or 53 min walk),"Plump oysters, well-balanced broth, friendly boss. Closed Sun."
Noodles,Hong Deng Rong Noodle,紅燈榮擔仔麵,Noodle / Pork Leg,Da'an (Yanji St) / MRT Zhongxiao Dunhua,80-140,4.7,6,76,3.54,MRT ~14 min,"Herbal braised pork-leg rice, hongyou chaoshou, QQ noodles. NT$100 meal."
Noodles,Bandao (Peninsula) Beef Noodle,半島牛肉麵,Beef Noodle,Xinyi / MRT Houshanpi,180-260,4.8,7,3,4.7,MRT ~19 min,"Home-cooked feel, free soup refills, huge tender beef and tendon."
Noodles,59 Noodle Specialty,59麵疙瘩,Dry Noodle,Gongguan (Alley 4 Lane 286),50-90,4.5,8,140,0.24,4 min walk,NEAR YOU. Spicy dry noodles with smoked duck. Cheap local favorite. Closed Sun.
Noodles,Mian Xian Town,麵線町,Mee Sua,Datong (Chifeng St) / MRT Zhongshan,70-120,4.5,9,48,4.35,MRT ~17 min,"Hip mee sua, fresh ingredients, young owners. Closed Tue."
Noodles,Shao Ou Chao Shou,燒喔！抄手,Wonton Noodle,Da'an / MRT Zhongxiao Fuxing,80-140,4.6,10,82,3.01,MRT ~12 min (or 52 min walk),"Pork chili-oil wontons, tomato egg soup, friendly. Closed Mon/Sun."
Noodles,Cha Kee Noodle House,查記麵館,Century-Egg Noodle,Xinyi (Wuxing St) / MRT Taipei 101,60-115,4.4,11,119,3.2,MRT ~13 min (or 55 min walk),Century-egg minced pork noodles with house chili. Cheap. Closed Sat/Sun.
Noodles,Shang Jia Xiang Yunnan Noodle,尚家香雲南美味麵食館,Cold / Curry Noodle,Gongguan (Tingzhou Rd) / MRT Gongguan,50-120,4.3,12,123,0.23,4 min walk,NEAR YOU. Cheap Yunnan cold noodles and chicken curry noodle. Closed Wed.
Noodles,Duo Duo Xiao Chi,多多小吃,Tomato Beef Noodle,Gongguan (Wenzhou St) / MRT Gongguan,60-120,4.3,13,153,0.24,4 min walk,"NEAR YOU. 82-yr-old grandpa, tomato beef noodle, no MSG. Light and homey."
Noodles,Da Gou Mee Sua (Gongguan),大狗麵線 公館,Mee Sua,Gongguan / MRT Gongguan,50-80,4.2,14,142,0.5,9 min walk,NEAR YOU. Cheap intestine mee sua by the Gongguan bus stops.
Noodles,Taiwan Beef Noodles Chicken Soup,牛肉麵．雞湯,Beef Noodle,Da'an (Dunhua S Rd) / MRT Zhongxiao Dunhua,180-260,4.2,15,86,3.29,MRT ~13 min,"Dinner only. Tomato broth, gelatinous chicken soup. Lucas Sin pick."
Noodles,Chen Ji Intestine Mee Sua,陳記腸蚵專業麵線,Mee Sua,Wanhua / MRT Longshan Temple,60-100,4.1,16,97,3.89,MRT ~16 min,"Big fresh oysters, tender intestine. Some rate above Ay-Chung."
Noodles,Fuhong (Fu Hong) Beef Noodles,富宏牛肉麵,Beef Noodle,Wanhua / MRT Ximen,150-220,4.2,17,30,4.09,MRT ~16 min,"24h. Handmade noodles, tender beef, free drinks. Local favorite."
Noodles,Master Spicy Noodle,天下三絕,Spicy Dry Noodle,Zhongshan / MRT Minquan W Rd,150-250,4.2,18,41,4.22,MRT ~17 min,"Rich spicy dry noodle, chewy, crispy cruller to dip. Order-per-person."
Noodles,Huang Mama Rice Noodle Soup,黃媽媽米粉湯,Rice Noodle,Da'an (Dongmen) / MRT Dongmen,60-120,4.1,19,131,1.92,MRT ~8 min (or 33 min walk),Hidden gem in Dongmen Market. Cheap. Closed Mon.
Noodles,Ay-Chung Flour-Rice Noodle,阿宗麵線,Mee Sua,Ximending / MRT Ximen,60-80,4.0,20,44,3.72,MRT ~15 min,"Ximen icon, one dish only. Stand and slurp. Cheap."
Noodles,Chef Hung Beef Noodle,洪師父牛肉麵,Beef Noodle,Zhongshan / MRT Songjiang Nanjing,200-280,4.2,21,71,4.14,MRT ~17 min,Michelin. Rich broth. Some say slightly over-hyped.
Noodles,Luo's Danzai Noodles,擔仔麵,Danzai Noodle,Wanhua / MRT Longshan Temple,45-90,4.1,22,130,4.23,MRT ~17 min,50-yr-old shop. Shallot-pork danzai noodles NT$45. Mornings only.
Noodles,Dong Yin Late-Night Beef Noodle,東引小吃店,Beef Noodle,Songshan / MRT Nanjing Sanmin,80-150,4.0,23,109,5.14,MRT ~21 min,"Open to 4am. Big-portion beef noodle and lu rou fan, English menu."
Noodles,Liu Shandong Beef Noodle,劉山東牛肉麵,Beef Noodle,Zhongzheng / MRT Taipei Main,180-240,4.0,24,49,3.58,MRT ~14 min,"Bib Gourmand. Rich braised broth, free veg. Cash only. Closed Sun."
Noodles,Lao Shandong Homemade Noodles,老山東牛肉家常麵,Beef Noodle,Ximending / MRT Ximen,150-220,4.0,25,66,3.85,MRT ~15 min,"Bib Gourmand 7 yrs. Handmade noodles, basement food court. Cash only."
Noodles,Lin Dong Fang Beef Noodle,林東芳牛肉麵,Beef Noodle,Zhongshan / MRT Zhongxiao Fuxing,200-260,3.9,26,75,3.44,MRT ~14 min,"SLIPPING. Once Reddit-famous, mixed recent reviews. Open to 3am."
Noodles,Yong Kang Beef Noodle,永康牛肉麵,Beef Noodle,Da'an / MRT Dongmen,250-320,3.8,27,91,1.7,MRT ~8 min (or 29 min walk),SLIPPING + PRICEY. Famous name but reviews say not the best. Slightly over NT$300.
Noodles,Dongfahao (Raohe Mee Sua),東發號,Mee Sua,Songshan (Raohe) / MRT Songshan,60-100,3.8,28,149,5.63,MRT ~23 min,"SLIPPING. Bib Gourmand oyster/intestine mee sua, but reviews mixed."
Noodles,Gongguan Mee Sua Shop,公館麵線店,Mee Sua / Stinky Tofu,Gongguan / MRT Gongguan,50-90,3.4,29,171,0.7,12 min walk,NEAR YOU. Old-name stinky tofu and intestine mee sua. Rating slipped.
Noodles,Niu Dian Beef Noodles,牛店精燉牛肉麵,Beef Noodle,Ximending / MRT Ximen,180-300,4.3,30,10,3.94,MRT ~15 min,"NEW. Bib Gourmand 3 straight years; hotel-chef 24-hour broth; Ximending must-eat (DanielFoodDiary, Taiwan Obsessed). 11:30-14:30, 17:00-19:30. Closed Mon."
Noodles,Lin Jia Dry Noodles,林家乾麵,Dry Noodles,Zhongzheng (Quanzhou St) / MRT CKS Memorial,37-90,4.3,31,11,2.46,MRT ~10 min,"NEW. 60-yr shop selling only lard-scallion dry noodles (NT$37) + fishball soup; 2025 Bib Gourmand. 06:00-14:00, 16:30-19:30. Closed Mon."
Noodles,Liao Beef Noodle,廖家牛肉麵,Beef Noodle,Da'an (Jinhua St) / MRT Dongmen,150-250,4.2,32,21,2.05,MRT ~8 min,"NEW. Bib Gourmand 2018-19; 40-year clear-broth master; lunch-only queue institution (DanielFoodDiary, Michelin). 10:00-14:00 lunch only. Closed Mon."
Noodles,Halal Chinese Beef Noodles,清真中國牛肉麵食館,Beef Noodle,Da'an / MRT SYS Memorial Hall,180-280,4.2,33,20,3.73,MRT ~15 min,"NEW. Bib Gourmand 7 straight years; 1957 halal institution, clear broth + beef pancake (Michelin). 11:30-14:00, 17:00-20:30. Closed Wed."
Noodles,Mai Mien Yen Tsai,賣麵炎仔金泉小吃店,Old-School Noodles,Datong (Dadaocheng) / MRT Daqiaotou,20-150,4.2,34,18,5.8,MRT ~23 min,"NEW. 80-year, 3rd-generation shop; NT$20 noodles and legendary crispy hongshao pork; multi-year Bib Gourmand. 07:00-14:30."
Noodles,Jianhong Beef Noodles,采宏牛肉麵,Beef Noodle (24h),Wanhua / MRT Beimen,100-150,4.2,35,38,4.45,MRT ~17 min,"NEW. Ximending 24hr budget beef-noodle icon; cheap huge portions; 2018 first-edition Bib Gourmand. 24h. (Now operating as 采宏牛肉麵, same shop.)"
Noodles,Laopai Beef Ramen King,老牌牛肉拉麵大王,Hand-Pulled Mala Noodles,Zhongzheng (Chengzhong Mkt) / MRT Ximen,100-180,4.1,36,61,3.94,MRT ~15 min,NEW. 70+ yr hidden Chengzhong-market shop; rustic hand-pulled mala beef noodles. 10:00-20:00.
Noodles,Yi Mian Wang,意麵王,Yi Mian / Shaved Ice,Datong (Dadaocheng) / MRT Daqiaotou,30-120,3.9,37,106,5.8,MRT ~23 min,"NEW. ~90-year Dadaocheng yi-mian shop; sweet-chili dry noodles, wontons, old-school shaved ice. 10:30-20:00. Closed Wed."
Noodles,Chen's Cold Noodles,陳家涼麵,Cold Noodles,Songshan / MRT Nanjing Sanmin,50-120,3.7,38,139,5.1,MRT ~20 min,NEW. 50-year liang mian icon; miso-egg-fishball soup combo inventor; celebrity-endorsed late-night staple. 06:00-01:30. Closed Sun.
